date,dayofyear,active.calories,steps,weight,steps.lag,calorie.lag
8/9/2015,221,480,17.48,168,NA,NA
8/10/2015,222,995.9,18.41,169.1,17.48,480
8/11/2015,223,1126.9,19.59,168,18.41,995.9
8/12/2015,224,522.2,10.4,167.2,19.59,1126.9
8/13/2015,225,843.8,18.7,168.2,10.4,522.2
8/14/2015,226,396.3,9.14,167.8,18.7,843.8
8/15/2015,227,423.3,8.69,166.3,9.14,396.3
8/16/2015,228,958.3,13.85,168.4,8.69,423.3
8/17/2015,229,596.8,11.89,169,13.85,958.3
8/18/2015,230,1377.5,24.64,169.3,11.89,596.8
8/22/2015,234,1025.1,11.05,168.5,24.64,1377.5
8/23/2015,235,1273.1,17.12,169.1,11.05,1025.1
8/24/2015,236,1275,16.41,168.4,17.12,1273.1
8/25/2015,237,702,7.68,167.7,16.41,1275
8/26/2015,238,1272.9,15.63,167.8,7.68,702
8/27/2015,239,1040,13.32,167.9,15.63,1272.9
8/28/2015,240,597.4,9.29,168.1,13.32,1040
8/30/2015,242,460.1,7.96,169.4,9.29,597.4
8/31/2015,243,529.9,8.87,168,7.96,460.1
9/1/2015,244,1217.4,16.93,166.3,8.87,529.9
9/2/2015,245,1042.9,13.98,165.3,16.93,1217.4
9/3/2015,246,580.9,9.73,167.2,13.98,1042.9
9/7/2015,250,410.1,5.02,166.1,9.73,580.9
9/8/2015,251,1110.8,15.19,168.9,5.02,410.1
9/9/2015,252,528.2,9.19,168.2,15.19,1110.8
9/10/2015,253,522.6,8.6,168.7,9.19,528.2
9/11/2015,254,1224.8,14.94,168.3,8.6,522.6
9/12/2015,255,613,10.55,166.6,14.94,1224.8
9/13/2015,256,990.1,14.11,167.4,10.55,613
9/14/2015,257,911.8,13.07,167.6,14.11,990.1
9/15/2015,258,586.4,10.5,167.9,13.07,911.8
9/16/2015,259,1037.5,13.51,167,10.5,586.4
9/17/2015,260,579.4,10.42,166.8,13.51,1037.5
9/18/2015,261,501.9,8.63,167.5,10.42,579.4
9/21/2015,264,1042.3,14.44,169.2,8.63,501.9
9/22/2015,265,941.2,13.53,168.6,14.44,1042.3
9/23/2015,266,804.8,12.26,168.2,13.53,941.2
9/24/2015,267,464.9,9.49,167.6,12.26,804.8
9/25/2015,268,583,9.44,167.2,9.49,464.9
9/26/2015,269,399.2,11.47,167.6,9.44,583
9/27/2015,270,590.1,7.56,166.5,11.47,399.2
9/28/2015,271,855.2,15.59,167.1,7.56,590.1
9/29/2015,272,894,15.75,168.3,15.59,855.2
9/30/2015,273,731.2,12.72,166.5,15.75,894
10/1/2015,274,463.9,9.37,167.1,12.72,731.2
10/2/2015,275,518,9.53,166.2,9.37,463.9
10/3/2015,276,369.3,7.18,166.3,9.53,518
10/4/2015,277,808.9,13.37,166.7,7.18,369.3
10/5/2015,278,824.5,12.3,165.7,13.37,808.9
10/6/2015,279,422.1,8.07,167.5,12.3,824.5
10/7/2015,280,917.5,15.8,166.4,8.07,422.1
10/8/2015,281,531.8,9.89,167.7,15.8,917.5
10/9/2015,282,964.1,18.17,167.4,9.89,531.8
10/10/2015,283,288.5,5.51,168.3,18.17,964.1
10/12/2015,285,847.3,15.05,166.7,5.51,288.5
10/13/2015,286,413.3,8.4,166.7,15.05,847.3
10/14/2015,287,420.6,8.39,166.9,8.4,413.3
10/15/2015,288,532.3,10.04,167.6,8.39,420.6
10/16/2015,289,506.1,10.41,168.7,10.04,532.3
10/17/2015,290,750.6,18.17,168.2,10.41,506.1
10/18/2015,291,364.1,6.89,168.2,18.17,750.6
10/19/2015,292,831.5,13.33,167.3,6.89,364.1
10/20/2015,293,525.2,10.78,166.8,13.33,831.5
10/21/2015,294,487,8.84,167.9,10.78,525.2
10/22/2015,295,777.9,14.6,169.2,8.84,487
10/23/2015,296,505,10.07,168.6,14.6,777.9
10/24/2015,297,778,13.76,168.8,10.07,505
10/25/2015,298,831.3,16.2,167,13.76,778
10/26/2015,299,898.1,13.49,167.5,16.2,831.3
10/27/2015,300,568.3,10.78,166.7,13.49,898.1
10/28/2015,301,416.9,6.74,168,10.78,568.3
10/29/2015,302,543.6,10.04,167,6.74,416.9
11/1/2015,305,739.5,13.49,169.8,10.04,543.6
11/2/2015,306,984.8,15.57,168.1,13.49,739.5
11/3/2015,307,545.5,11.21,167.2,15.57,984.8
11/4/2015,308,779.7,13.26,168.1,11.21,545.5
11/5/2015,309,487.7,9.56,167.9,13.26,779.7
11/6/2015,310,535,10.63,169.2,9.56,487.7
11/7/2015,311,264.6,4.02,169.7,10.63,535
11/8/2015,312,818.7,15.29,168.9,4.02,264.6
11/9/2015,313,892.4,13.98,168.4,15.29,818.7
11/10/2015,314,518.1,10.24,167.5,13.98,892.4
11/11/2015,315,792.2,12.73,167.9,10.24,518.1
11/12/2015,316,617.1,11.4,168.8,12.73,792.2
11/13/2015,317,896.3,15.45,169.8,11.4,617.1
11/14/2015,318,817.9,13.34,169.2,15.45,896.3
11/15/2015,319,237.3,3.98,167.8,13.34,817.9
11/16/2015,320,819.9,14.15,167.6,3.98,237.3
11/17/2015,321,527.9,11.23,167.3,14.15,819.9
11/18/2015,322,801.2,14.95,167.9,11.23,527.9
11/19/2015,323,524.7,9.26,168.1,14.95,801.2
11/21/2015,325,274,4.47,167.5,9.26,524.7
11/22/2015,326,851.8,12.43,167.1,4.47,274
11/23/2015,327,541.3,10.19,165.8,12.43,851.8
11/24/2015,328,590.3,10.42,168.7,10.19,541.3
12/1/2015,335,447.3,8.14,170.5,10.42,590.3
12/2/2015,336,821.1,14.07,170.1,8.14,447.3
12/3/2015,337,449.8,8.88,169.3,14.07,821.1
12/4/2015,338,578.4,10.01,169.3,8.88,449.8
12/6/2015,340,426.9,9.23,168.5,10.01,578.4
12/7/2015,341,711,11.16,168.5,9.23,426.9
12/8/2015,342,474.1,8.54,169.5,11.16,711
12/9/2015,343,916.6,15.37,170,8.54,474.1
12/11/2015,345,258.7,5.36,166.5,15.37,916.6
12/12/2015,346,728.1,14.67,167.4,5.36,258.7
12/13/2015,347,223,3.47,168.8,14.67,728.1
12/14/2015,348,773.5,13.23,169.7,3.47,223
12/15/2015,349,1125.6,18.67,168.5,13.23,773.5
12/16/2015,350,469.6,9.39,168.1,18.67,1125.6
12/17/2015,351,860.9,14.95,167.9,9.39,469.6
12/18/2015,352,470.7,8.16,167.8,14.95,860.9
12/19/2015,353,291.8,5.9,168.9,8.16,470.7
12/20/2015,354,840.4,16.06,166.6,5.9,291.8
12/21/2015,355,986.9,18.87,168.5,16.06,840.4
12/22/2015,356,285.1,5.75,169.2,18.87,986.9
12/23/2015,357,968.2,17.1,167.9,5.75,285.1
12/24/2015,358,470.4,10.93,168.4,17.1,968.2
12/26/2015,360,314,5.19,170.7,10.93,470.4
12/28/2015,362,429.5,8.94,170.1,5.19,314
12/29/2015,363,376.6,4.3,169.4,8.94,429.5
12/30/2015,364,191.8,3.07,169.1,4.3,376.6
1/12/2016,12,1130,21.11,174.7,3.07,191.8
1/13/2016,13,854.1,13.13,171.7,21.11,1130
1/14/2016,14,884.9,15.51,170.6,13.13,854.1
1/15/2016,15,830.9,13.91,170,15.51,884.9
1/16/2016,16,448.1,11.51,170.6,13.91,830.9
1/17/2016,17,915.8,16.23,172.6,11.51,448.1
1/18/2016,18,945.5,15.3,172.2,16.23,915.8
1/19/2016,19,1033.3,15.94,171,15.3,945.5
1/21/2016,21,492.4,9.49,170.2,15.94,1033.3
1/22/2016,22,809,14.04,170.5,9.49,492.4
1/23/2016,23,850.4,13.46,171,14.04,809
1/27/2016,27,314.5,4.95,171.7,13.46,850.4
1/29/2016,29,474.6,8.26,171.2,4.95,314.5
1/30/2016,30,274.4,3.85,170.5,8.26,474.6
1/31/2016,31,786.2,12.17,169.9,3.85,274.4
2/1/2016,32,673.3,12.99,170.8,12.17,786.2
2/2/2016,33,258.7,4.36,169.8,12.99,673.3
2/4/2016,35,627,11.81,170.1,4.36,258.7
2/5/2016,36,245,2.45,171.7,11.81,627
2/6/2016,37,827,13.56,169.5,2.45,245
2/7/2016,38,472.1,9.58,170.5,13.56,827
2/8/2016,39,903.4,14.7,171.4,9.58,472.1
2/9/2016,40,843.4,14.05,171.6,14.7,903.4
2/10/2016,41,983.3,16.93,171,14.05,843.4
2/11/2016,42,868,12.92,172.5,16.93,983.3
2/12/2016,43,462.6,6.42,171.9,12.92,868
2/13/2016,44,297.2,4.86,170.5,6.42,462.6
2/14/2016,45,264.1,5.42,172.1,4.86,297.2
2/15/2016,46,891.7,13.08,171.2,5.42,264.1
2/16/2016,47,956.4,14.6,171,13.08,891.7
2/17/2016,48,900,14.01,170.7,14.6,956.4
2/18/2016,49,487.9,8.31,170.6,14.01,900
2/19/2016,50,577.8,8.4,170.9,8.31,487.9
2/21/2016,52,853.5,14.83,170.9,8.4,577.8
2/22/2016,53,1018.1,16.63,172.1,14.83,853.5
2/23/2016,54,859.8,14.63,170.6,16.63,1018.1
2/24/2016,55,535.9,8.5,171.2,14.63,859.8
2/25/2016,56,908.1,14.33,170.7,8.5,535.9
2/26/2016,57,858.9,14.65,170.2,14.33,908.1
2/27/2016,58,370.1,7.45,170,14.65,858.9
2/28/2016,59,464.1,7.56,170.4,7.45,370.1
2/29/2016,60,544.7,9.89,170.3,7.56,464.1
3/1/2016,61,908.7,16.55,170.2,9.89,544.7
3/2/2016,62,865.4,13.16,170.9,16.55,908.7
3/3/2016,63,882.8,15.08,170.7,13.16,865.4
3/4/2016,64,930.7,15.02,169.7,15.08,882.8
3/5/2016,65,387.9,8.66,169.4,15.02,930.7
3/6/2016,66,255.6,3.57,170.7,8.66,387.9
3/7/2016,67,984,16.07,170.3,3.57,255.6
3/8/2016,68,515.5,8.64,172,16.07,984
3/9/2016,69,832.8,14.14,171,8.64,515.5
3/10/2016,70,869.7,13.61,169.8,14.14,832.8
3/11/2016,71,832.8,14.57,170.3,13.61,869.7
3/12/2016,72,438.2,9.21,170.4,14.57,832.8
3/21/2016,81,930.1,16.65,172.3,9.21,438.2
3/22/2016,82,876.5,14.41,172.3,16.65,930.1
3/23/2016,83,854.7,14.71,172.2,14.41,876.5
3/24/2016,84,895.8,14.46,171.3,14.71,854.7
3/25/2016,85,499.3,9.02,171.9,14.46,895.8
3/26/2016,86,588.4,11.77,173.1,9.02,499.3
3/27/2016,87,767.5,14,171,11.77,588.4
3/29/2016,89,999.7,18.04,172.4,14,767.5
3/30/2016,90,1069.4,19.1,172.8,18.04,999.7
3/31/2016,91,646.5,11.36,171.8,19.1,1069.4
4/1/2016,92,1003.4,18.48,172.8,11.36,646.5
4/2/2016,93,673.2,13.39,172.2,18.48,1003.4
4/4/2016,95,957.3,16.59,170.9,13.39,673.2
4/5/2016,96,911.7,17.07,171.5,16.59,957.3
4/6/2016,97,976.8,16,173.4,17.07,911.7
4/13/2016,104,874.8,15.03,172.1,16,976.8
4/14/2016,105,846.6,14.84,172,15.03,874.8
4/15/2016,106,869.5,15.02,170.2,14.84,846.6
4/16/2016,107,432.8,6.63,169.6,15.02,869.5
4/17/2016,108,642.1,15.64,169.9,6.63,432.8
4/18/2016,109,963.8,16.85,169,15.64,642.1
4/19/2016,110,855.1,15.72,169,16.85,963.8
4/20/2016,111,569.3,6.18,169.1,15.72,855.1
4/25/2016,116,584.1,11.57,170.8,6.18,569.3
4/26/2016,117,874.2,13.62,170.3,11.57,584.1
4/27/2016,118,844.1,13.95,168.7,13.62,874.2
4/28/2016,119,387.7,6.01,170.2,13.95,844.1
5/1/2016,122,282.9,5.04,170.4,6.01,387.7
5/2/2016,123,627.1,11.79,170.1,5.04,282.9
5/3/2016,124,822,14.89,170.5,11.79,627.1
5/4/2016,125,850.5,14.45,170.1,14.89,822
5/5/2016,126,1057.7,20.05,170.1,14.45,850.5
5/6/2016,127,627.5,12.08,170.8,20.05,1057.7
5/7/2016,128,348.7,5.84,172.1,12.08,627.5
5/8/2016,129,458.1,10.62,169,5.84,348.7
5/9/2016,130,560.1,10.39,169.7,10.62,458.1
5/10/2016,131,851.9,14.93,169.3,10.39,560.1
5/11/2016,132,442,8.36,170.5,14.93,851.9
5/12/2016,133,1034.3,19.84,170.3,8.36,442
5/13/2016,134,828.8,16.99,171.1,19.84,1034.3
5/14/2016,135,473.3,11.57,170,16.99,828.8
5/15/2016,136,520.2,10.32,170.1,11.57,473.3
5/16/2016,137,654.8,11.93,170.3,10.32,520.2
5/17/2016,138,658.6,9.56,170.1,11.93,654.8
5/18/2016,139,916.6,16.52,169,9.56,658.6
5/19/2016,140,924.8,17.78,169.8,16.52,916.6
5/20/2016,141,1065.8,19.14,170.9,17.78,924.8
5/23/2016,144,930.2,16.98,173.4,19.14,1065.8
5/24/2016,145,589.9,11.39,172.1,16.98,930.2
5/25/2016,146,707.5,11.44,170.7,11.39,589.9
5/28/2016,149,446.5,10.43,170.1,11.44,707.5
5/29/2016,150,589,13.79,170.6,10.43,446.5
5/30/2016,151,738.6,13.28,170.8,13.79,589
5/31/2016,152,1022.8,18.3,171.8,13.28,738.6
6/1/2016,153,718.5,14.41,171.5,18.3,1022.8
6/2/2016,154,920.3,16.77,171.7,14.41,718.5
6/3/2016,155,829.1,15.85,172.1,16.77,920.3
6/4/2016,156,295.6,8.53,171.7,15.85,829.1
6/5/2016,157,296.6,5.69,170.9,8.53,295.6
6/6/2016,158,851.5,15.57,170.3,5.69,296.6
6/7/2016,159,827.8,14.88,169.7,15.57,851.5
6/8/2016,160,488,10.48,170.2,14.88,827.8
6/9/2016,161,998.5,18.13,169.9,10.48,488
6/10/2016,162,433.2,9.86,169.9,18.13,998.5
6/11/2016,163,407.3,9.05,169.3,9.86,433.2
6/12/2016,164,523.3,11.61,168.6,9.05,407.3
6/13/2016,165,815.1,14,168.8,11.61,523.3
6/14/2016,166,1242.9,21.86,168.3,14,815.1
6/15/2016,167,351.1,7.22,168.8,21.86,1242.9
6/16/2016,168,881,17.26,170.7,7.22,351.1
6/17/2016,169,390.7,9.31,171.3,17.26,881
6/18/2016,170,483,12.2,169.1,9.31,390.7
6/19/2016,171,894.4,17.43,168.8,12.2,483
6/20/2016,172,880.7,15.99,167.9,17.43,894.4
6/21/2016,173,636.6,17.13,169.1,15.99,880.7
6/22/2016,174,332.3,5.84,169.5,17.13,636.6
6/26/2016,178,212.3,4.93,172,5.84,332.3
6/27/2016,179,351.6,7.21,168.6,4.93,212.3
6/28/2016,180,314.6,7.26,167,7.21,351.6
6/29/2016,181,347.7,8.58,166,7.26,314.6
6/30/2016,182,293.7,8.18,166.9,8.58,347.7
7/1/2016,183,377.7,9.43,166.8,8.18,293.7
7/2/2016,184,304.7,8.38,168.1,9.43,377.7
7/3/2016,185,286.4,7.07,167.4,8.38,304.7
7/4/2016,186,286.2,6.4,167,7.07,286.4
7/5/2016,187,264.9,6.95,171.4,6.4,286.2
7/6/2016,188,429.9,10.44,167.7,6.95,264.9
7/7/2016,189,345.5,9.13,168.4,10.44,429.9
7/8/2016,190,295.2,7.32,171.9,9.13,345.5
7/9/2016,191,342.5,8.03,171.2,7.32,295.2
7/10/2016,192,263.6,6.25,176.1,8.03,342.5
7/11/2016,193,354.1,9.66,166.7,6.25,263.6
7/12/2016,194,426.9,11.46,166.9,9.66,354.1
7/13/2016,195,580.7,12.22,168.8,11.46,426.9
7/14/2016,196,361.9,8.25,168.7,12.22,580.7
7/15/2016,197,251.3,5.52,168,8.25,361.9
7/16/2016,198,409.3,10.51,167.8,5.52,251.3
7/17/2016,199,351.3,9.7,167.8,10.51,409.3
7/18/2016,200,336,8.6,168.1,9.7,351.3
7/19/2016,201,641.7,13.85,168.4,8.6,336
7/20/2016,202,556.5,16.41,168.5,13.85,641.7
7/21/2016,203,250.6,4.96,169.3,16.41,556.5
7/22/2016,204,766.2,14.75,167.3,4.96,250.6
7/23/2016,205,334.5,7.75,168.7,14.75,766.2
7/24/2016,206,413.5,11.51,171.1,7.75,334.5
7/25/2016,207,791.5,15.87,170.1,11.51,413.5
7/26/2016,208,362.4,8.91,170,15.87,791.5
7/27/2016,209,684.9,14.35,170.4,8.91,362.4
7/28/2016,210,330.1,9.2,170.4,14.35,684.9
7/29/2016,211,265.3,5.74,168.5,9.2,330.1
7/30/2016,212,322.2,5.7,170.1,5.74,265.3
7/31/2016,213,353.2,8.17,170.5,5.7,322.2
8/1/2016,214,513.4,11.71,169.9,8.17,353.2
8/2/2016,215,295.3,5.94,170,11.71,513.4
8/3/2016,216,355.7,7.23,172.1,5.94,295.3
8/4/2016,217,839.8,17.73,170,7.23,355.7
8/5/2016,218,472.9,11.85,168.6,17.73,839.8
8/6/2016,219,618.9,16.3,173.1,11.85,472.9
8/7/2016,220,694.8,17.62,171.4,16.3,618.9
8/8/2016,221,405.6,10.13,171.9,17.62,694.8
8/9/2016,222,791.3,14.81,171.7,10.13,405.6
8/10/2016,223,808.9,14.55,171,14.81,791.3
8/11/2016,224,230,4.29,171.7,14.55,808.9
8/12/2016,225,708.7,12.18,172.4,4.29,230
8/13/2016,226,494.7,12.38,171.7,12.18,708.7
8/14/2016,227,653.1,12.19,171.1,12.38,494.7
8/15/2016,228,844,16.25,173,12.19,653.1
8/16/2016,229,283.8,6.42,173.2,16.25,844
8/17/2016,230,756.8,15.69,173.6,6.42,283.8
8/18/2016,231,457.8,11.61,172.6,15.69,756.8
8/19/2016,232,870,15.87,172.5,11.61,457.8
8/20/2016,233,356.2,8.06,169.3,15.87,870
8/21/2016,234,782.4,20.4,172.3,8.06,356.2
8/22/2016,235,835.3,16.36,170.2,20.4,782.4
8/23/2016,236,776.6,15.38,171,16.36,835.3
8/24/2016,237,380.2,8.84,170.9,15.38,776.6
8/25/2016,238,815.5,15.26,170.1,8.84,380.2
8/26/2016,239,645.3,15.97,169.5,15.26,815.5
8/27/2016,240,673.3,18.51,170.5,15.97,645.3
8/28/2016,241,443.7,10.43,170.3,18.51,673.3
8/29/2016,242,477.8,11.67,171.2,10.43,443.7
8/30/2016,243,744.7,15.51,171.7,11.67,477.8
8/31/2016,244,383.8,10.09,171.2,15.51,744.7
9/1/2016,245,714.7,13.67,172.4,10.09,383.8
9/2/2016,246,545.5,15.72,171.3,13.67,714.7
9/3/2016,247,527.6,12.58,173.3,15.72,545.5
9/4/2016,248,434.6,11.49,172.3,12.58,527.6
9/5/2016,249,773.5,15.04,171.8,11.49,434.6
9/6/2016,250,466,10.9,171.9,15.04,773.5
9/7/2016,251,484.6,10.5,172.3,10.9,466
9/8/2016,252,390.9,8.98,171.6,10.5,484.6
9/9/2016,253,515.5,13.07,171,8.98,390.9
9/10/2016,254,288.2,6.45,169.7,13.07,515.5
9/11/2016,255,379.2,9.02,171.4,6.45,288.2
9/12/2016,256,1015.1,20.93,171.6,9.02,379.2
9/13/2016,257,511.3,12.92,171.8,20.93,1015.1
9/14/2016,258,397.1,8.99,171.4,12.92,511.3
9/15/2016,259,537.6,10.82,170.7,8.99,397.1
9/18/2016,262,541.2,12.76,171.5,10.82,537.6
9/19/2016,263,439.9,10.79,171.1,12.76,541.2
9/20/2016,264,610.8,13.66,170,10.79,439.9
9/21/2016,265,521.6,10.83,171.1,13.66,610.8
9/22/2016,266,894.4,16.85,171.7,10.83,521.6
9/23/2016,267,532.6,13.67,172.5,16.85,894.4
9/24/2016,268,547.3,12.59,171,13.67,532.6
9/25/2016,269,891.2,19.94,170.9,12.59,547.3
9/26/2016,270,1170,20.44,171.4,19.94,891.2
9/27/2016,271,579.2,14.26,170.1,20.44,1170
9/28/2016,272,526.2,10.28,172,14.26,579.2
9/29/2016,273,670,12.64,173.8,10.28,526.2
9/30/2016,274,705.9,15.41,172.5,12.64,670
10/1/2016,275,841.2,15.41,171.8,15.41,705.9
10/2/2016,276,1079.5,15.11,171.7,15.41,841.2
10/3/2016,277,577.5,11.63,170.8,15.11,1079.5
10/4/2016,278,635.1,13.44,172,11.63,577.5
10/5/2016,279,560.5,11.36,172.3,13.44,635.1
10/6/2016,280,427.9,6.1,171.9,11.36,560.5
10/10/2016,284,560,11.86,169.9,6.1,427.9
10/11/2016,285,569.1,10.94,171.8,11.86,560
10/12/2016,286,492,9.73,171.7,10.94,569.1
10/13/2016,287,669.2,14.85,172,9.73,492
10/14/2016,288,598.6,11.65,172.3,14.85,669.2
10/15/2016,289,575.6,12.54,172.6,11.65,598.6
10/16/2016,290,557.4,12,170.7,12.54,575.6
10/17/2016,291,1244.3,17.7,170.4,12,557.4
10/18/2016,292,582.6,12.12,172.5,17.7,1244.3
10/19/2016,293,560.3,11.24,173.1,12.12,582.6
10/20/2016,294,735.5,14.22,171.8,11.24,560.3
10/21/2016,295,542.1,12.04,172.4,14.22,735.5
10/22/2016,296,1304.2,20.73,171.4,12.04,542.1
10/23/2016,297,438,8.53,172.3,20.73,1304.2
10/24/2016,298,694.2,13.52,171.9,8.53,438
10/25/2016,299,599.8,11.5,171.9,13.52,694.2
10/26/2016,300,510.6,9.82,171.4,11.5,599.8
10/27/2016,301,546.9,10.84,170.9,9.82,510.6
10/28/2016,302,1195.2,17.7,171.6,10.84,546.9
10/29/2016,303,422.4,9.23,173.3,17.7,1195.2
10/30/2016,304,694.5,17.54,172.2,9.23,422.4
10/31/2016,305,1109.8,14,172.6,17.54,694.5
11/1/2016,306,1218.3,17.68,172.5,14,1109.8
11/2/2016,307,551.2,11.74,171.5,17.68,1218.3
11/3/2016,308,1108.1,16.08,172,11.74,551.2
11/4/2016,309,577.6,10.94,172.3,16.08,1108.1
11/5/2016,310,396.7,7.91,169.9,10.94,577.6
11/6/2016,311,478.4,8.9,170.2,7.91,396.7
11/7/2016,312,1150,16.3,171.5,8.9,478.4
11/8/2016,313,798,17.48,173.9,16.3,1150
11/9/2016,314,632.2,13.16,173.2,17.48,798
11/10/2016,315,563.9,10.58,172.8,13.16,632.2
11/11/2016,316,1159,15.62,173.1,10.58,563.9
11/12/2016,317,580.1,13.81,172,15.62,1159
11/13/2016,318,475.6,9.78,169.6,13.81,580.1
11/14/2016,319,639.8,13.71,170.5,9.78,475.6
11/15/2016,320,635.3,12.37,172.1,13.71,639.8
11/16/2016,321,485.7,10.44,171.3,12.37,635.3
11/19/2016,324,579.8,14.03,171.4,10.44,485.7
11/20/2016,325,514.4,9.44,171,14.03,579.8
11/21/2016,326,1063.9,15.81,171.2,9.44,514.4
11/22/2016,327,566.7,11.18,171.9,15.81,1063.9
11/23/2016,328,549,10.76,171.5,11.18,566.7
11/24/2016,329,295,5.26,171.4,10.76,549
11/25/2016,330,452,9.4,172.9,5.26,295
11/26/2016,331,547.1,13.06,171.6,9.4,452
11/27/2016,332,304.4,4.97,171.5,13.06,547.1
11/28/2016,333,576.7,11.85,171.1,4.97,304.4
11/30/2016,335,530.7,9.42,171.5,11.85,576.7
12/1/2016,336,586.2,11.15,172.2,9.42,530.7
12/2/2016,337,581.9,10.15,171.5,11.15,586.2
12/3/2016,338,510.4,8.54,172.1,10.15,581.9
12/4/2016,339,560.1,11.07,171.9,8.54,510.4
12/5/2016,340,518.1,9.12,172.4,11.07,560.1
12/7/2016,342,674.5,12.27,172.6,9.12,518.1
12/8/2016,343,526.5,10.39,173,12.27,674.5
12/9/2016,344,532.2,10.18,172.8,10.39,526.5
12/10/2016,345,1097.4,15.76,173,10.18,532.2
12/11/2016,346,557,10.79,171.7,15.76,1097.4
12/13/2016,348,560.5,11.46,174,10.79,557
12/14/2016,349,1056.6,15.03,172.9,11.46,560.5
12/15/2016,350,1106.6,15.4,172.5,15.03,1056.6
12/16/2016,351,559.6,11.93,172.5,15.4,1106.6
12/17/2016,352,416.9,8.21,172.6,11.93,559.6
12/18/2016,353,520.4,10.4,172.4,8.21,416.9
12/19/2016,354,1262.2,16.39,172.7,10.4,520.4
12/20/2016,355,1119.6,17.07,172.2,16.39,1262.2
12/21/2016,356,616.2,11.88,173.8,17.07,1119.6
12/22/2016,357,655.6,13.1,173.6,11.88,616.2
12/23/2016,358,414,8.7,174.8,13.1,655.6
12/24/2016,359,588.9,11.47,175.4,8.7,414
12/25/2016,360,418.6,8.31,174,11.47,588.9
12/26/2016,361,452.4,8.81,172.7,8.31,418.6
12/27/2016,362,506.9,8.85,174.7,8.81,452.4
12/28/2016,363,310.8,5.56,173.7,8.85,506.9
12/29/2016,364,370.6,5.42,175.4,5.56,310.8
12/30/2016,365,621.2,12.41,175.5,5.42,370.6
12/31/2016,366,379.9,6.21,175.9,12.41,621.2
1/1/2017,1,807.7,13.95,176.7,6.21,379.9
1/2/2017,2,765.9,12.32,176.9,13.95,807.7
1/3/2017,3,1061.5,14.74,175.8,12.32,765.9
1/4/2017,4,1094.2,15.48,177,14.74,1061.5
1/5/2017,5,1059.2,15.42,176.3,15.48,1094.2
1/6/2017,6,1154.3,17.26,175.4,15.42,1059.2
1/7/2017,7,812.2,12.02,178.1,17.26,1154.3
1/8/2017,8,969,13.67,174,12.02,812.2
1/9/2017,9,742.3,14.93,172.4,13.67,969
1/10/2017,10,1032.8,14.58,173,14.93,742.3
1/11/2017,11,1167.6,15.96,172.9,14.58,1032.8
1/12/2017,12,1020.3,14.71,170.8,15.96,1167.6
1/13/2017,13,1137.9,15.1,171.3,14.71,1020.3
1/14/2017,14,726.7,11.84,169.8,15.1,1137.9
1/15/2017,15,1196,16.81,171.8,11.84,726.7
1/16/2017,16,745.2,15.88,170.9,16.81,1196
1/17/2017,17,1236.6,20.01,169.9,15.88,745.2
1/18/2017,18,1149.6,17.7,171.8,20.01,1236.6
1/19/2017,19,1169.6,17.34,171.1,17.7,1149.6
1/20/2017,20,1194.5,18.68,168.5,17.34,1169.6
1/21/2017,21,1177.6,22.91,169.7,18.68,1194.5
1/22/2017,22,1074.7,17.1,171.2,22.91,1177.6
1/23/2017,23,829.8,14.82,172.4,17.1,1074.7
1/24/2017,24,1168.2,17.34,171.5,14.82,829.8
1/25/2017,25,1416.3,20.21,170.7,17.34,1168.2
1/26/2017,26,1150.7,16.32,168.9,20.21,1416.3
1/27/2017,27,1161.6,17.13,168.7,16.32,1150.7
1/28/2017,28,1005.6,19.77,166.7,17.13,1161.6
1/29/2017,29,770.1,14.66,165.7,19.77,1005.6
1/30/2017,30,1175.3,17.33,166.3,14.66,770.1
1/31/2017,31,1116.4,18.24,167.3,17.33,1175.3
2/1/2017,32,1134.6,17.41,167.9,18.24,1116.4
2/2/2017,33,634.7,11.37,164.8,17.41,1134.6
2/3/2017,34,1135.4,16.5,169,11.37,634.7
2/4/2017,35,1217.1,18.87,167.4,16.5,1135.4
2/5/2017,36,860.2,17.48,168.2,18.87,1217.1
2/6/2017,37,625.3,12.41,165.9,17.48,860.2
2/7/2017,38,1090.6,16.58,166.3,12.41,625.3
2/8/2017,39,1073.8,15.69,167,16.58,1090.6
2/9/2017,40,746.4,11.68,164.3,15.69,1073.8
2/10/2017,41,534.5,11.54,165.2,11.68,746.4
2/11/2017,42,323.2,5.6,164.6,11.54,534.5
2/12/2017,43,412.1,8.32,164.3,5.6,323.2
2/13/2017,44,1314,16.67,164.5,8.32,412.1
2/14/2017,45,1165.7,17.14,164.7,16.67,1314
2/15/2017,46,1140.8,17.75,163.6,17.14,1165.7
2/16/2017,47,1076.8,15.49,163.9,17.75,1140.8
2/17/2017,48,1133.3,17.79,163.5,15.49,1076.8
2/18/2017,49,1084.6,17.02,163.3,17.79,1133.3
2/19/2017,50,434.3,9.97,161.4,17.02,1084.6
2/20/2017,51,792.2,15.9,162.2,9.97,434.3
2/21/2017,52,1097.1,16.05,161.8,15.9,792.2
2/22/2017,53,516.9,9.08,162.2,16.05,1097.1
2/23/2017,54,1089,17.82,160.2,9.08,516.9
2/24/2017,55,1171.8,18.38,161,17.82,1089
2/25/2017,56,445.2,9.24,160.1,18.38,1171.8
2/26/2017,57,977.2,16.81,159.1,9.24,445.2
2/27/2017,58,1120.4,17.52,160.2,16.81,977.2
2/28/2017,59,1110,17.16,161.2,17.52,1120.4
3/1/2017,60,559.7,11.3,161.7,17.16,1110
3/2/2017,61,693.3,13.5,158.7,11.3,559.7
3/3/2017,62,1026.2,16.81,157.6,13.5,693.3
3/4/2017,63,524.1,10.49,160.4,16.81,1026.2
3/5/2017,64,774.5,14.16,157.6,10.49,524.1
3/6/2017,65,1110.2,18.46,156,14.16,774.5
3/7/2017,66,1018.9,15.75,159.7,18.46,1110.2
3/8/2017,67,567.8,10.87,160.2,15.75,1018.9
3/9/2017,68,1162.5,19.85,158.4,10.87,567.8
3/10/2017,69,1118.1,18.26,159.4,19.85,1162.5
3/12/2017,71,338.1,7.05,155.9,18.26,1118.1
3/13/2017,72,550.5,7.56,157.2,7.05,338.1
3/18/2017,77,754.7,14.9,158.8,7.56,550.5
3/19/2017,78,765.2,13.03,158.7,14.9,754.7
3/20/2017,79,1122.7,18.91,156.3,13.03,765.2
3/21/2017,80,1119.5,18.56,158.7,18.91,1122.7
3/22/2017,81,499.9,9.29,158.8,18.56,1119.5
3/23/2017,82,615.9,12.49,158.8,9.29,499.9
3/24/2017,83,1133.6,18.56,159,12.49,615.9
3/25/2017,84,779.6,14.92,158,18.56,1133.6
3/26/2017,85,364.8,7.62,154.6,14.92,779.6
3/27/2017,86,484.7,11.01,157.7,7.62,364.8
3/28/2017,87,535.8,10.9,157.1,11.01,484.7
3/29/2017,88,694.6,14.01,156.9,10.9,535.8
3/30/2017,89,676.9,13.62,157.3,14.01,694.6
4/1/2017,91,374.1,8.87,157.9,13.62,676.9
4/2/2017,92,528.1,12.83,158,8.87,374.1
4/3/2017,93,1013,17.79,154.9,12.83,528.1
4/4/2017,94,1030.5,15.86,156.8,17.79,1013
4/5/2017,95,938,13.69,156.2,15.86,1030.5
4/10/2017,100,1104.2,18.29,156.9,13.69,938
4/11/2017,101,511.8,10.55,156.9,18.29,1104.2
4/12/2017,102,549.3,11.18,158.9,10.55,511.8
4/13/2017,103,985.5,16.45,159.9,11.18,549.3
4/14/2017,104,1025,18.21,158.6,16.45,985.5
4/15/2017,105,1089.3,18.25,157.6,18.21,1025
4/16/2017,106,796.7,15.93,156.4,18.25,1089.3
4/17/2017,107,627.1,12.9,158.6,15.93,796.7
4/18/2017,108,572.2,11.55,157.9,12.9,627.1
4/20/2017,110,1166.6,21.03,157.1,11.55,572.2
4/21/2017,111,673.7,12.84,159.1,21.03,1166.6
4/22/2017,112,451.1,10.17,157.1,12.84,673.7
4/23/2017,113,994.5,19.81,160.1,10.17,451.1
4/24/2017,114,554.2,12.15,158.4,19.81,994.5
4/25/2017,115,512.4,11.21,158.6,12.15,554.2
4/30/2017,120,942.2,15.86,160.9,11.21,512.4
5/1/2017,121,959,16.68,161.9,15.86,942.2
5/2/2017,122,1096.5,18.48,162.9,16.68,959
5/3/2017,123,884.3,16.21,161.1,18.48,1096.5
5/4/2017,124,561.4,13.29,158.5,16.21,884.3
5/5/2017,125,479.7,9.39,159.8,13.29,561.4
5/6/2017,126,511.1,11.96,159.7,9.39,479.7
5/7/2017,127,942.7,19.13,158.9,11.96,511.1
5/15/2017,135,1064,17.48,162.4,19.13,942.7
5/16/2017,136,996.2,16.67,162.6,17.48,1064
5/17/2017,137,589.5,12.46,162.3,16.67,996.2
5/18/2017,138,621.1,13.93,160.3,12.46,589.5
5/19/2017,139,1007,16.3,160.3,13.93,621.1
5/20/2017,140,936.7,18.39,160.9,16.3,1007
5/21/2017,141,614.2,14.77,160.1,18.39,936.7
5/22/2017,142,591.3,11.01,161.3,14.77,614.2
5/23/2017,143,675.5,13.8,160.5,11.01,591.3
5/24/2017,144,1090.7,16.98,160.2,13.8,675.5
5/25/2017,145,1188,20.64,160.1,16.98,1090.7
5/26/2017,146,1070.6,17.75,162.8,20.64,1188
5/27/2017,147,486,11.29,161.7,17.75,1070.6
5/28/2017,148,546.6,13.64,162.8,11.29,486
5/29/2017,149,1069.9,21.68,160.2,13.64,546.6
5/30/2017,150,817.1,16.84,160.5,21.68,1069.9
5/31/2017,151,1007.2,17.2,159.4,16.84,817.1
6/1/2017,152,589.5,12.87,161.6,17.2,1007.2
6/2/2017,153,1007.4,16.43,159.8,12.87,589.5
6/3/2017,154,1049.9,19.75,161.2,16.43,1007.4
6/4/2017,155,542.9,13.93,160.5,19.75,1049.9
6/5/2017,156,946.3,17.78,161.2,13.93,542.9
6/6/2017,157,646.3,10.94,159.9,17.78,946.3
6/7/2017,158,660,13.66,161.7,10.94,646.3
6/8/2017,159,1153.4,18.38,160.9,13.66,660
6/9/2017,160,600,12.87,159.1,18.38,1153.4
6/10/2017,161,1062,21.08,161.2,12.87,600
6/11/2017,162,548.9,13,162.1,21.08,1062
6/12/2017,163,1016.8,18.04,162.1,13,548.9
6/13/2017,164,558.4,11.49,161.2,18.04,1016.8
6/14/2017,165,976.4,16.66,160.9,11.49,558.4
6/15/2017,166,530.1,10.67,161.2,16.66,976.4
6/16/2017,167,1113,17.6,160.5,10.67,530.1
6/17/2017,168,503,10.78,160.7,17.6,1113
6/18/2017,169,576,12.98,161.9,10.78,503
6/19/2017,170,1009.7,18.9,161,12.98,576
6/21/2017,172,435.6,8.95,160.5,18.9,1009.7
6/22/2017,173,473.8,10.89,161,8.95,435.6
6/23/2017,174,526.4,10.93,160,10.89,473.8
6/24/2017,175,466.2,11.25,160.6,10.93,526.4
6/25/2017,176,598.6,14.78,158.8,11.25,466.2
6/26/2017,177,658.9,14.27,159.1,14.78,598.6
6/27/2017,178,479.2,9.83,158.9,14.27,658.9
6/29/2017,180,1182.1,23.86,159.5,9.83,479.2
7/2/2017,183,557.5,10.99,158.6,23.86,1182.1
7/3/2017,184,748.3,19.58,158.6,10.99,557.5
7/5/2017,186,698.1,17.3,160.5,19.58,748.3
7/6/2017,187,721.1,18.47,160.4,17.3,698.1
7/7/2017,188,561.4,14.22,159.6,18.47,721.1
7/8/2017,189,587.7,13.38,159.1,14.22,561.4
7/9/2017,190,465.6,9.96,159.3,13.38,587.7
7/11/2017,192,569.4,13.35,159.6,9.96,465.6
7/12/2017,193,680.3,11.04,157.8,13.35,569.4
7/16/2017,197,696,16.23,162.5,11.04,680.3
7/17/2017,198,889.5,18.69,161.4,16.23,696
7/18/2017,199,1022.5,16.95,162.3,18.69,889.5
7/19/2017,200,1126,20.29,162.9,16.95,1022.5
7/20/2017,201,442.8,8.5,162,20.29,1126
7/21/2017,202,622.6,13.21,160.5,8.5,442.8
7/22/2017,203,688.7,14.38,161.5,13.21,622.6
7/23/2017,204,843.1,19.42,160.1,14.38,688.7
7/24/2017,205,1058.4,16.65,161.3,19.42,843.1
7/25/2017,206,934.6,16.84,161.9,16.65,1058.4
7/29/2017,210,568,12.94,160.9,16.84,934.6
7/30/2017,211,617.4,15.66,162.2,12.94,568
7/31/2017,212,1086.4,21.37,162,15.66,617.4
8/1/2017,213,544.1,11.99,162.8,21.37,1086.4
8/2/2017,214,819.5,15.13,162.5,11.99,544.1
8/3/2017,215,989.1,13.29,163.4,15.13,819.5
8/8/2017,220,774.5,13.11,160.6,13.29,989.1
8/9/2017,221,513.4,10.38,162.1,13.11,774.5
8/10/2017,222,605.2,14.03,163.3,10.38,513.4
8/11/2017,223,708.1,12.87,162.1,14.03,605.2
8/12/2017,224,440.6,10.54,161,12.87,708.1
8/13/2017,225,574.7,14.3,162.3,10.54,440.6
8/14/2017,226,743.1,12.2,163.2,14.3,574.7
8/15/2017,227,570.2,13.25,163.8,12.2,743.1
8/16/2017,228,822.3,14.91,163.1,13.25,570.2
8/17/2017,229,690.6,14.63,163.5,14.91,822.3
8/18/2017,230,793.9,13.89,163.5,14.63,690.6
8/19/2017,231,593.6,16.12,164.1,13.89,793.9
8/20/2017,232,628.1,12.38,165,16.12,593.6
8/25/2017,237,529.3,13.8,164,12.38,628.1
8/26/2017,238,567.2,14.06,164.2,13.8,529.3
8/27/2017,239,563.5,11.52,162.7,14.06,567.2
8/28/2017,240,773.1,13.92,164,11.52,563.5
8/29/2017,241,527,9.93,163.4,13.92,773.1
8/30/2017,242,910.5,15.29,163.6,9.93,527
8/31/2017,243,606.5,12.57,163.5,15.29,910.5
9/4/2017,247,512.1,11.86,164.8,12.57,606.5
9/6/2017,249,503.9,9.81,165.4,11.86,512.1
9/8/2017,251,604,12.89,164.7,9.81,503.9
9/9/2017,252,593.3,12.76,165,12.89,604
9/11/2017,254,565,13.14,164.1,12.76,593.3
9/12/2017,255,586.9,12.63,163.9,13.14,565
9/13/2017,256,842.7,13.44,163.8,12.63,586.9
9/14/2017,257,603.9,12.95,165.2,13.44,842.7
9/16/2017,259,594.8,14.05,165.9,12.95,603.9
9/17/2017,260,728.7,18.46,164.7,14.05,594.8
9/18/2017,261,776.7,10.58,166.9,18.46,728.7
9/19/2017,262,316.4,11.14,167.3,10.58,776.7
9/20/2017,263,385.4,11.77,165.4,11.14,316.4
